review,cleaned
The quality is amazing and I am really satisfied.,quality amazing really satisfied
Not what I expected and I'm very upset.,expected im upset
Will definitely buy again and the design is very stylish.,definitely buy design stylish
"Not bad, not great but nothing extraordinary.",bad great nothing extraordinary
This exceeded my expectations and the design is very stylish.,exceeded expectation design stylish
Terrible experience so I will not buy again.,terrible experience buy
Highly recommend this and works perfectly.,highly recommend work perfectly
Absolutely fantastic and works perfectly.,absolutely fantastic work perfectly
Not what I expected after only a week.,expected week
Customer support was helpful and works perfectly.,customer support helpful work perfectly
Very happy with my purchase and the design is very stylish.,happy purchase design stylish
This exceeded my expectations and I am really satisfied.,exceeded expectation really satisfied
Delivery was late which is totally unacceptable.,delivery late totally unacceptable
Not what I expected which is totally unacceptable.,expected totally unacceptable
Itâ€™s okay as I expected.,okay expected
Really well made and the design is very stylish.,really well made design stylish
Terrible experience and I'm very upset.,terrible experience im upset
Absolutely fantastic and I am really satisfied.,absolutely fantastic really satisfied
This exceeded my expectations and I am really satisfied.,exceeded expectation really satisfied
Really well made and I am really satisfied.,really well made really satisfied
Great value for money and I am really satisfied.,great value money really satisfied
I love this product and I am really satisfied.,love product really satisfied
The quality is amazing and the design is very stylish.,quality amazing design stylish
Average product but nothing extraordinary.,average product nothing extraordinary
Very happy with my purchase and I am really satisfied.,happy purchase really satisfied
Very happy with my purchase and works perfectly.,happy purchase work perfectly
Not what I expected after only a week.,expected week
"Not bad, not great and it's okay.",bad great okay
Just fine for the price.,fine price
Not worth the price so I will not buy again.,worth price buy
The quality is amazing and I am really satisfied.,quality amazing really satisfied
Great value for money and the design is very stylish.,great value money design stylish
Really well made and works perfectly.,really well made work perfectly
Great value for money and I am really satisfied.,great value money really satisfied
Nothing special for the price.,nothing special price
Very happy with my purchase and I am really satisfied.,happy purchase really satisfied
Delivery was late which is totally unacceptable.,delivery late totally unacceptable
Not what I expected which is totally unacceptable.,expected totally unacceptable
Absolutely fantastic and I am really satisfied.,absolutely fantastic really satisfied
Absolutely fantastic with no issues so far.,absolutely fantastic issue far
The quality is amazing and works perfectly.,quality amazing work perfectly
Terrible experience so I will not buy again.,terrible experience buy
Very happy with my purchase and I am really satisfied.,happy purchase really satisfied
Terrible experience so I will not buy again.,terrible experience buy
I am disappointed so I will not buy again.,disappointed buy
Highly recommend this and the design is very stylish.,highly recommend design stylish
I love this product and the design is very stylish.,love product design stylish
I love this product and works perfectly.,love product work perfectly
Great value for money and works perfectly.,great value money work perfectly
Wrong item delivered after only a week.,wrong item delivered week
"Not bad, not great for the price.",bad great price
Absolutely fantastic and works perfectly.,absolutely fantastic work perfectly
"Not bad, not great and it's okay.",bad great okay
Average product but nothing extraordinary.,average product nothing extraordinary
Wrong item delivered which is totally unacceptable.,wrong item delivered totally unacceptable
Wrong item delivered which is totally unacceptable.,wrong item delivered totally unacceptable
Absolutely fantastic and works perfectly.,absolutely fantastic work perfectly
Average product but nothing extraordinary.,average product nothing extraordinary
I am disappointed and I'm very upset.,disappointed im upset
This exceeded my expectations and I am really satisfied.,exceeded expectation really satisfied
Will definitely buy again and works perfectly.,definitely buy work perfectly
Fair quality and it's okay.,fair quality okay
Nothing special and it's okay.,nothing special okay
The quality is amazing and I am really satisfied.,quality amazing really satisfied
This exceeded my expectations with no issues so far.,exceeded expectation issue far
Could be better and it's okay.,could better okay
Meets my needs for the price.,meet need price
This exceeded my expectations and works perfectly.,exceeded expectation work perfectly
Decent performance as I expected.,decent performance expected
Will definitely buy again and the design is very stylish.,definitely buy design stylish
I love this product and I am really satisfied.,love product really satisfied
Really well made with no issues so far.,really well made issue far
Delivery was late and I'm very upset.,delivery late im upset
Meets my needs but nothing extraordinary.,meet need nothing extraordinary
Does the job for the price.,job price
Broke after and I'm very upset.,broke im upset
Meets my needs for the price.,meet need price
The quality is amazing and I am really satisfied.,quality amazing really satisfied
Terrible experience so I will not buy again.,terrible experience buy
Customer support did not help which is totally unacceptable.,customer support help totally unacceptable
Broke after so I will not buy again.,broke buy
Really well made with no issues so far.,really well made issue far
Wrong item delivered so I will not buy again.,wrong item delivered buy
Absolutely fantastic with no issues so far.,absolutely fantastic issue far
Highly recommend this and I am really satisfied.,highly recommend really satisfied
Delivery was late and I'm very upset.,delivery late im upset
Absolutely fantastic with no issues so far.,absolutely fantastic issue far
Highly recommend this and I am really satisfied.,highly recommend really satisfied
Highly recommend this and works perfectly.,highly recommend work perfectly
Very happy with my purchase and I am really satisfied.,happy purchase really satisfied
Wrong item delivered which is totally unacceptable.,wrong item delivered totally unacceptable
Highly recommend this with no issues so far.,highly recommend issue far
Great value for money with no issues so far.,great value money issue far
Fair quality but nothing extraordinary.,fair quality nothing extraordinary
Not what I expected which is totally unacceptable.,expected totally unacceptable
"Not bad, not great for the price.",bad great price
Very happy with my purchase and I am really satisfied.,happy purchase really satisfied
Meets my needs as I expected.,meet need expected
Wrong item delivered after only a week.,wrong item delivered week
Nothing special but nothing extraordinary.,nothing special nothing extraordinary
